Position,Company,Location,Salary,Type,URL
Senior Frontend Developer,Rebilly ,ğŸŒ Worldwide,ğŸ’° $40k - $170k,-,https://remoteok.com/remote-jobs/remote-senior-frontend-developer-rebilly-111405
Senior Fullstack Engineer,Sibi ,ğŸ‡ºğŸ‡¸ United States,ğŸ’° $120k - $180k,-,https://remoteok.com/remote-jobs/remote-senior-fullstack-engineer-sibi-128563
Frontend engineer,Streamflow ,Worldwide,ğŸ’° $60k - $120k*,-,https://remoteok.com/remote-jobs/remote-frontend-engineer-streamflow-143526
Senior QA Engineer_Mobile,BrightInsight ,ğŸ‡®ğŸ‡³ India,ğŸ’° $70k - $120k*,-,https://remoteok.com/remote-jobs/remote-senior-qa-engineer-mobile-brightinsight-143164
Senior Full Stack Developer,Commit ,ğŸ‡¨ğŸ‡¦ Canada,ğŸ’° $110k - $140k,-,https://remoteok.com/remote-jobs/remote-senior-full-stack-developer-commit-142689
Global Campaign Director,ExtraHop ,ğŸ‡ºğŸ‡¸ United States,ğŸ’° $60k - $120k*,-,https://remoteok.com/remote-jobs/remote-global-campaign-director-extrahop-142654
Finance Analytics Analyst,EBANX ,ğŸ‡§ğŸ‡· Brazil,ğŸ’° $60k - $120k*,-,https://remoteok.com/remote-jobs/remote-finance-analytics-analyst-ebanx-142653
Test Engineer,Helix ,ğŸ‡ºğŸ‡¸ United States,ğŸ’° $60k - $120k*,-,https://remoteok.com/remote-jobs/remote-test-engineer-helix-142652
Account Manager Partner Success,Rhino ,ğŸ‡ºğŸ‡¸ United States,ğŸ’° $60k - $120k*,-,https://remoteok.com/remote-jobs/remote-account-manager-partner-success-rhino-142651
Mid Market Account Executive UK & I,Samsara ,ğŸ‡¬ğŸ‡§ United Kingdom,ğŸ’° $60k - $120k*,-,https://remoteok.com/remote-jobs/remote-mid-market-account-executive-uk-i-samsara-142650
Senior Full Stack Software Engineer US,Seamless.AI ,ğŸ‡ºğŸ‡¸ United States,ğŸ’° $60k - $120k*,-,https://remoteok.com/remote-jobs/remote-senior-full-stack-software-engineer-us-seamless-ai-142649
Senior Product Manager,Blockstream ,Worldwide,ğŸ’° $60k - $120k*,-,https://remoteok.com/remote-jobs/remote-senior-product-manager-blockstream-142509
Inbound Sales Development Representative,Skilljar ,ğŸ‡ºğŸ‡¸ United States,ğŸ’° $60k - $120k*,-,https://remoteok.com/remote-jobs/remote-inbound-sales-development-representative-skilljar-141723
Full Stack Developer,TaskHuman Corporate ,ğŸŒ Probably worldwide,ğŸ’° $60k - $120k*,-,https://remoteok.com/remote-jobs/remote-full-stack-developer-taskhuman-corporate-141722
Senior Technical Sourcer,TRM Labs ,Worldwide,ğŸ’° $65k - $123k*,-,https://remoteok.com/remote-jobs/remote-senior-technical-sourcer-trm-labs-141484
Senior Technical Recruiter,TRM Labs ,Worldwide,ğŸ’° $60k - $120k*,-,https://remoteok.com/remote-jobs/remote-senior-technical-recruiter-trm-labs-141489
Full Stack JavaScript Developer,DebugBear ,ğŸŒ Worldwide,ğŸ’° $50k - $70k,-,https://remoteok.com/remote-jobs/remote-full-stack-javascript-developer-debugbear-141135
Web Developer,Status SNT ,Remote (Worldwide),ğŸ’° $60k - $120k*,-,https://remoteok.com/remote-jobs/remote-web-developer-status-snt-140996
Senior Software Engineer Wallet & Web3,Brave ,Worldwide,ğŸ’° $60k - $120k*,-,https://remoteok.com/remote-jobs/remote-senior-software-engineer-wallet-web3-brave-140995
Senior Financial Analyst Operations,StockX ,ğŸ‡ºğŸ‡¸ United States,ğŸ’° $65k - $120k*,-,https://remoteok.com/remote-jobs/remote-senior-financial-analyst-operations-stockx-140686
